#	fecha_reporte	merchant_id	canal_actual	serial	producto	tpv_m0	asignar_a_canal	ejecutivo_destino	nombre_comercio	ejecutivo_actual	ejecutivo_onboarding	fecha_onboarding	onboarding_en_mes	primera_transaccion_mes	transacciones_m0	estado_terminal	merchant_status	onboarding_status	master_merchant_id	master_merchant_name	master_sales_source	parent_merchant_ids_lineage	reason_changed	terminal_master_flag	cellphone_master_flag	document_master_flag	legal_representative_master_flag	canal_fuente_utilizado	requiere_cambio_canal	estado_solicitud
1	2026-08-28	B0CKR5HU8C	INBOUND	N860WN35065	SMARTPRO	0.0000	ENTERPRISE		DROGUERIAS SANSALUD SAN PEDRO DE URABA			2026-05-23 10:13:13.435445	NO	2026-09-17 19:28:41.043687	0	BINDED	ENABLED	APPROVED	B0CKR5HU8C	DROGUERIAS SANSALUD SAN PEDRO DE URABA	INBOUND	B0CKR5HU8C	NO_CHANGE	0	0	0	0	dim_client.merchant_acquisition_channel_value	YES	SIN_PRIMERA_TX_EN_MES
2	2026-08-28	R2BWFBJS7A	SIN_CANAL	N860WN30642	SMARTPRO	0.0000	ENTERPRISE		SIN_INFORMACION_MAESTRA				NO	2026-09-22 15:33:41.772534	0	BINDED			B0CKR5HU8C	DROGUERIAS SANSALUD SAN PEDRO DE URABA	INBOUND	B0CKR5HU8C	A_SHARED_CELLPHONE, B_SHARED_DOCUMENT_MERCHANT, C_SHARED_DOCUMENT_LEGAL_REPRESENTATIVE, 	0	1	1	1	NINGUNA	NO	NO_MATCH_MERCHANT
3	2026-08-28	ENVQ1TNW9V	INBOUND	N860WN35405	SMARTPRO	0.0000	ENTERPRISE		Droguería farmahogar central			2026-06-11 12:28:16.029799	NO	2026-09-15 14:29:49.373384	0	BINDED	ENABLED	APPROVED	ENVQ1TNW9V	Droguería farmahogar central	INBOUND	ENVQ1TNW9V	NO_CHANGE	0	0	0	0	dim_client.merchant_acquisition_channel_value	YES	SIN_PRIMERA_TX_EN_MES
4	2026-08-28	BGDA1VQOLZ	INBOUND	38260424314280	SONOQR	0.0000	ENTERPRISE		Droguería Calimío			2026-06-16 17:09:55.359144	NO	2026-09-18 17:20:11.839466	0	BINDED	ENABLED	APPROVED	BGDA1VQOLZ	Droguería Calimío	INBOUND	BGDA1VQOLZ	NO_CHANGE	0	0	0	0	dim_client.merchant_acquisition_channel_value	YES	SIN_PRIMERA_TX_EN_MES
5	2026-08-28	CINAK5N1MV	INBOUND	N860WN32583	SMARTPRO	0.0000	ENTERPRISE		DROGUERIA SAN GIL 1			2026-06-26 18:22:35.631642	NO	2026-09-23 12:18:48.752512	0	BINDED	ENABLED	APPROVED	CINAK5N1MV	DROGUERIA SAN GIL 1	INBOUND	CINAK5N1MV	NO_CHANGE	0	0	0	0	dim_client.merchant_acquisition_channel_value	YES	SIN_PRIMERA_TX_EN_MES
6	2026-08-28	3ODGLUFW0P	INBOUND	N860WN35059	SMARTPRO	0.0000	ENTERPRISE		Droguería Andina CE			2026-06-26 11:58:37.665316	NO	2026-09-17 09:51:08.742105	0	BINDED	ENABLED	APPROVED	3ODGLUFW0P	Droguería Andina CE	INBOUND	3ODGLUFW0P	NO_CHANGE	0	0	0	0	dim_client.merchant_acquisition_channel_value	YES	SIN_PRIMERA_TX_EN_MES
7	2026-08-28	TOGZAEVZ0K	INBOUND	N860WN34644	SMARTPRO	0.0000	ENTERPRISE		Droguería Clubmed			2026-07-30 11:13:00.786184	NO	2026-09-01 10:44:05.225191	0	BINDED	ENABLED	APPROVED	TOGZAEVZ0K	Droguería Clubmed	INBOUND	TOGZAEVZ0K	NO_CHANGE	0	0	0	0	dim_client.merchant_acquisition_channel_value	YES	SIN_PRIMERA_TX_EN_MES
8	2026-08-28	0XV9992C0O	INBOUND	N860WN35412	SMARTPRO	0.0000	ENTERPRISE		Droguería y Farmacia Central			2026-08-06 09:16:58.046533	SI	2026-09-02 08:58:52.044157	0	BINDED	ENABLED	APPROVED	0XV9992C0O	Droguería y Farmacia Central	INBOUND	0XV9992C0O	NO_CHANGE	0	0	0	0	dim_client.merchant_acquisition_channel_value	YES	SIN_PRIMERA_TX_EN_MES
9	2026-08-28	GHTNMF7727	INBOUND	N860WN35075	SMARTPRO	0.0000	ENTERPRISE		Drogueria Melcomia 			2026-08-06 17:13:35.054909	SI	2026-09-14 13:24:51.765280	0	BINDED	ENABLED	APPROVED	GHTNMF7727	Drogueria Melcomia 	INBOUND	GHTNMF7727	NO_CHANGE	0	0	0	0	dim_client.merchant_acquisition_channel_value	YES	SIN_PRIMERA_TX_EN_MES
10	2026-08-28	XMABPI8SDB	INBOUND	N860WN35066	SMARTPRO	0.0000	ENTERPRISE		Droguería Farmacenter Yinimar			2026-08-14 12:43:26.196630	SI	2026-09-14 16:42:47.649560	0	BINDED	ENABLED	APPROVED	XMABPI8SDB	Droguería Farmacenter Yinimar	INBOUND	XMABPI8SDB	NO_CHANGE	0	0	0	0	dim_client.merchant_acquisition_channel_value	YES	SIN_PRIMERA_TX_EN_MES
11	2026-08-28	1KQZPLFRVW	SIN_CANAL	N860WN34723	SMARTPRO	0.0000	ENTERPRISE		SIN_INFORMACION_MAESTRA				NO	2026-09-12 10:10:31.573122	0	BINDED			JZ148KPFMY	FARMALKOSTO BOSQUES	INBOUND	JZ148KPFMY	A_SHARED_CELLPHONE, B_SHARED_DOCUMENT_MERCHANT, C_SHARED_DOCUMENT_LEGAL_REPRESENTATIVE, 	0	1	1	1	NINGUNA	NO	NO_MATCH_MERCHANT
12	2026-08-28	JXLFJ824NO	INBOUND	N860WN35061	SMARTPRO	0.0000	ENTERPRISE		Droguerías Expreso			2026-08-14 11:28:02.587374	SI	2026-09-07 17:42:13.865440	0	BINDED	ENABLED	APPROVED	JXLFJ824NO	Droguerías Expreso	INBOUND	JXLFJ824NO	NO_CHANGE	0	0	0	0	dim_client.merchant_acquisition_channel_value	YES	SIN_PRIMERA_TX_EN_MES
13	2026-08-28	PL0B5ER5G3	INBOUND	N860WN35072	SMARTPRO	0.0000	ENTERPRISE		Drogueria  villadela			2026-08-20 09:40:51.730783	SI	2026-09-15 10:44:18.599590	0	BINDED	ENABLED	APPROVED	PL0B5ER5G3	Drogueria  villadela	INBOUND	PL0B5ER5G3	NO_CHANGE	0	0	0	0	dim_client.merchant_acquisition_channel_value	YES	SIN_PRIMERA_TX_EN_MES
14	2026-08-28	L7H1W2PHU6	INBOUND	N860WN35078	SMARTPRO	0.0000	ENTERPRISE		Negocio de Mónica Yohana			2026-08-19 15:31:30.107178	SI	2026-09-15 14:07:51.492080	0	BINDED	ENABLED	APPROVED	L7H1W2PHU6	Negocio de Mónica Yohana	INBOUND	L7H1W2PHU6	NO_CHANGE	0	0	0	0	dim_client.merchant_acquisition_channel_value	YES	SIN_PRIMERA_TX_EN_MES
15	2026-08-28	0GRNI5F4QF	ENTERPRISE	N860WN35070	SMARTPRO	0.0000	ENTERPRISE		Droguería San Antero 	jeyson.salazar@bold.co		2026-09-05 14:55:07.904803	NO	2026-09-18 15:30:07.687407	0	BINDED	ENABLED	APPROVED	0GRNI5F4QF	Droguería San Antero 	ENTERPRISE	0GRNI5F4QF	NO_CHANGE	0	0	0	0	dim_client.merchant_acquisition_channel_value	NO	YA_EN_ENTERPRISE
16	2026-08-28	R4FNXSI23Y	INBOUND	30200020240708003753	PLUS	0.0000	ENTERPRISE		DROGARCIA No4			2024-12-04 13:28:49.994273	NO	2024-12-04 16:06:59.425960	0	BINDED	ENABLED	APPROVED	R4FNXSI23Y	DROGARCIA No4	INBOUND	R4FNXSI23Y	NO_CHANGE	0	0	0	0	dim_client.merchant_acquisition_channel_value	YES	SIN_PRIMERA_TX_EN_MES
17	2026-08-28	M28ST7P6ZS	ENTERPRISE	N860WN34628	SMARTPRO	0.0000	ENTERPRISE		MIL DROGAS DOS	jeyson.salazar@bold.co		2026-09-11 12:15:04.494348	NO	2026-09-21 14:21:25.890525	0	BINDED	ENABLED	APPROVED	M28ST7P6ZS	MIL DROGAS DOS	ENTERPRISE	M28ST7P6ZS	NO_CHANGE	0	0	0	0	dim_client.merchant_acquisition_channel_value	NO	YA_EN_ENTERPRISE
18	2026-08-28	BW2O3VIGL9	ENTERPRISE	38260803450245	SONOQR	0.0000	ENTERPRISE		DROGUERIA COLSANAR DEL NORTE	jeyson.salazar@bold.co		2026-09-14 08:53:34.386890	NO	2026-09-23 08:57:00.144610	0	BINDED	ENABLED	APPROVED	BW2O3VIGL9	DROGUERIA COLSANAR DEL NORTE	ENTERPRISE	BW2O3VIGL9	NO_CHANGE	0	0	0	0	dim_client.merchant_acquisition_channel_value	NO	YA_EN_ENTERPRISE
19	2026-08-28	0GDIBQPP50	ENTERPRISE	N860WN33925	SMARTPRO	0.0000	ENTERPRISE		DROGUERÍA LA CUARTA B	jeyson.salazar@bold.co		2026-09-14 12:44:56.307133	NO	2026-09-23 11:22:00.003092	0	BINDED	ENABLED	APPROVED	0GDIBQPP50	DROGUERÍA LA CUARTA B	ENTERPRISE	0GDIBQPP50	NO_CHANGE	0	0	0	0	dim_client.merchant_acquisition_channel_value	NO	YA_EN_ENTERPRISE
20	2026-08-28	Z472LRDO4K	HUBS	N860WN22168	SMARTPRO	0.0000	ENTERPRISE		DROGUERÍA DIOSALUD RD	favio.jara@bold.co		2026-09-19 09:08:24.946341	NO	2026-09-19 19:24:56.029903	0	BINDED	ENABLED	APPROVED	BT7WYTKRRC		SIN_CANAL	BT7WYTKRRC	A_SHARED_CELLPHONE, B_SHARED_DOCUMENT_MERCHANT, C_SHARED_DOCUMENT_LEGAL_REPRESENTATIVE, D_SHARED_TERMINAL	1	1	1	1	dim_client.merchant_acquisition_channel_value	YES	SIN_PRIMERA_TX_EN_MES
21	2026-08-28	97B1X3AQSJ	SIN_CANAL	12000101023121207055	SMART	0.0000	ENTERPRISE		SIN_INFORMACION_MAESTRA				NO	2026-09-19 19:24:35.114659	0	BINDED			BT7WYTKRRC		SIN_CANAL	BT7WYTKRRC	A_SHARED_CELLPHONE, B_SHARED_DOCUMENT_MERCHANT, C_SHARED_DOCUMENT_LEGAL_REPRESENTATIVE, D_SHARED_TERMINAL	1	1	1	1	NINGUNA	NO	NO_MATCH_MERCHANT
22	2026-08-28	9RDRW9GH0A	SIN_CANAL	N860WN22295	SMARTPRO	0.0000	ENTERPRISE		SIN_INFORMACION_MAESTRA				NO	2026-09-20 10:25:26.547905	0	BINDED			BT7WYTKRRC		SIN_CANAL	BT7WYTKRRC	A_SHARED_CELLPHONE, B_SHARED_DOCUMENT_MERCHANT, C_SHARED_DOCUMENT_LEGAL_REPRESENTATIVE, D_SHARED_TERMINAL	1	1	1	1	NINGUNA	NO	NO_MATCH_MERCHANT
23	2026-08-28	FK9XQZ1MGR	SIN_CANAL	N860WN22245	SMARTPRO	0.0000	ENTERPRISE		SIN_INFORMACION_MAESTRA				NO	2026-09-19 17:16:38.778374	0	BINDED			BT7WYTKRRC		SIN_CANAL	BT7WYTKRRC	A_SHARED_CELLPHONE, B_SHARED_DOCUMENT_MERCHANT, C_SHARED_DOCUMENT_LEGAL_REPRESENTATIVE, D_SHARED_TERMINAL	1	1	1	1	NINGUNA	NO	NO_MATCH_MERCHANT
24	2026-08-28	Q8BB6LMM80	HUBS	38260803442184	SONOQR	0.0000	ENTERPRISE		DROGUERÍA Y PERFUMERÍA SANTANDER	dayana.pinzon@bold.co		2026-09-22 17:36:16.874700	NO	2026-09-23 18:20:10.087759	0	BINDED	ENABLED	APPROVED	Q8BB6LMM80	DROGUERÍA Y PERFUMERÍA SANTANDER	HUBS	Q8BB6LMM80	NO_CHANGE	0	0	0	0	dim_client.merchant_acquisition_channel_value	YES	SIN_PRIMERA_TX_EN_MES
25	2026-08-28	4ET483LBS9	SIN_CANAL	38260803442195	SONOQR	0.0000	ENTERPRISE		SIN_INFORMACION_MAESTRA				NO	2026-09-24 16:34:00.366951	0	BINDED			YQV101FLPR	DROGUERIA CRUZ AZUL CHICO NAVARRA	INBOUND	YQV101FLPR	A_SHARED_CELLPHONE, B_SHARED_DOCUMENT_MERCHANT, C_SHARED_DOCUMENT_LEGAL_REPRESENTATIVE, 	0	1	1	1	NINGUNA	NO	NO_MATCH_MERCHANT
26	2026-08-28	UJ6IC6QYVU	SIN_CANAL	38260803442188	SONOQR	0.0000	ENTERPRISE		SIN_INFORMACION_MAESTRA				NO	2026-09-24 17:47:12.423705	0	BINDED			YQV101FLPR	DROGUERIA CRUZ AZUL CHICO NAVARRA	INBOUND	YQV101FLPR	A_SHARED_CELLPHONE, B_SHARED_DOCUMENT_MERCHANT, C_SHARED_DOCUMENT_LEGAL_REPRESENTATIVE, 	0	1	1	1	NINGUNA	NO	NO_MATCH_MERCHANT
27	2026-08-28	F4K0HCI3BX	SIN_CANAL	38260803442186	SONOQR	0.0000	ENTERPRISE		SIN_INFORMACION_MAESTRA				NO	2026-09-24 17:00:39.292359	0	BINDED			YQV101FLPR	DROGUERIA CRUZ AZUL CHICO NAVARRA	INBOUND	YQV101FLPR	A_SHARED_CELLPHONE, B_SHARED_DOCUMENT_MERCHANT, C_SHARED_DOCUMENT_LEGAL_REPRESENTATIVE, 	0	1	1	1	NINGUNA	NO	NO_MATCH_MERCHANT
28	2026-08-28	T035E5K6WQ	SIN_CANAL	38260803442183	SONOQR	0.0000	ENTERPRISE		SIN_INFORMACION_MAESTRA				NO	2026-09-24 15:46:24.566937	0	BINDED			YQV101FLPR	DROGUERIA CRUZ AZUL CHICO NAVARRA	INBOUND	YQV101FLPR	A_SHARED_CELLPHONE, B_SHARED_DOCUMENT_MERCHANT, C_SHARED_DOCUMENT_LEGAL_REPRESENTATIVE, 	0	1	1	1	NINGUNA	NO	NO_MATCH_MERCHANT
29	2026-08-28	D7F22FG5QR	SIN_CANAL	38260803442192	SONOQR	0.0000	ENTERPRISE		SIN_INFORMACION_MAESTRA				NO	2026-09-24 13:20:24.361798	0	BINDED			YQV101FLPR	DROGUERIA CRUZ AZUL CHICO NAVARRA	INBOUND	YQV101FLPR	A_SHARED_CELLPHONE, B_SHARED_DOCUMENT_MERCHANT, C_SHARED_DOCUMENT_LEGAL_REPRESENTATIVE, 	0	1	1	1	NINGUNA	NO	NO_MATCH_MERCHANT
30	2026-08-28	FUGNVIJWU8	SIN_CANAL	38260803442197	SONOQR	0.0000	ENTERPRISE		SIN_INFORMACION_MAESTRA				NO	2026-09-24 14:05:35.980724	0	BINDED			YQV101FLPR	DROGUERIA CRUZ AZUL CHICO NAVARRA	INBOUND	YQV101FLPR	A_SHARED_CELLPHONE, B_SHARED_DOCUMENT_MERCHANT, C_SHARED_DOCUMENT_LEGAL_REPRESENTATIVE, 	0	1	1	1	NINGUNA	NO	NO_MATCH_MERCHANT
31	2026-08-28	AJ5XQ8640E	SIN_CANAL	38260803445877	SONOQR	0.0000	ENTERPRISE		SIN_INFORMACION_MAESTRA				NO	2026-09-24 14:47:09.001674	0	BINDED			YQV101FLPR	DROGUERIA CRUZ AZUL CHICO NAVARRA	INBOUND	YQV101FLPR	A_SHARED_CELLPHONE, B_SHARED_DOCUMENT_MERCHANT, C_SHARED_DOCUMENT_LEGAL_REPRESENTATIVE, 	0	1	1	1	NINGUNA	NO	NO_MATCH_MERCHANT
32	2026-08-28	4I2PD2J2SH	INBOUND	38260328408766	SONOQR	0.0000	ENTERPRISE		Droguería Xiofarma jd			2026-06-19 08:22:11.523686	NO	2026-09-23 20:22:55.761451	0	BINDED	ENABLED	APPROVED	4I2PD2J2SH	Droguería Xiofarma jd	INBOUND	4I2PD2J2SH	NO_CHANGE	0	0	0	0	dim_client.merchant_acquisition_channel_value	YES	SIN_PRIMERA_TX_EN_MES
