#	fecha_reporte	merchant_id	nombre_comercio	merchant_status	tiene_sonoqr	cantidad_sonoqr	fecha_activacion_sonoqr	tiene_cuenta_bold	numero_cuenta_bold	nombre_banco_registrado	tipo_cuenta_registrada
1	2026-08-28	4FQG6O9PAA	Droguería Coldrogas	ENABLED	SI	4	2026-01-09 11:38:33.308000	SI	30	DAVIPLATA	SAVING
2	2026-08-28	0KHOGAT8VD	Droguería Xivica	ENABLED	SI	3	2026-04-07 16:40:30.366000	NO	SIN_CUENTA_REGISTRADA		
3	2026-08-28	2BWXVSPCV4	Farmasalitre	ENABLED	SI	2	2026-05-19 10:00:32.330000	SI	8	BANCO DAVIVIENDA S.A.	SAVING
4	2026-08-28	1HN4UQWMG4	FARMAIVON	ENABLED	SI	1	2026-08-25 15:48:41.839000	SI	19	BANCOLOMBIA	SAVING
5	2026-08-28	IKDUZCLKDU	Droguería Hato Chico	ENABLED	SI	1	2026-06-12 10:56:17.023000	NO	SIN_CUENTA_REGISTRADA		
6	2026-08-28	4ET483LBS9	SIN_INFORMACION_MAESTRA		SI	1	2026-09-24 16:34:00.366951	NO	SIN_CUENTA_REGISTRADA		
7	2026-08-28	1P8Q9P60GS	Droguería Star JS	ENABLED	SI	1	2026-07-04 10:35:31.665000	NO	SIN_CUENTA_REGISTRADA		
8	2026-08-28	D7F22FG5QR	SIN_INFORMACION_MAESTRA		SI	1	2026-09-24 13:20:24.361798	NO	SIN_CUENTA_REGISTRADA		
9	2026-08-28	1UG6EC0153	Drogueria Salserin	ENABLED	SI	1	2026-02-18 14:54:48.302000	NO	SIN_CUENTA_REGISTRADA		
10	2026-08-28	YQV101FLPR	DROGUERIA CRUZ AZUL CHICO NAVARRA	ENABLED	SI	1	2026-08-19 17:17:39.199000	NO	SIN_CUENTA_REGISTRADA		
11	2026-08-28	BGDA1VQOLZ	Droguería Calimío	ENABLED	SI	1	2026-09-18 17:20:11.839466	NO	SIN_CUENTA_REGISTRADA		
12	2026-08-28	T035E5K6WQ	SIN_INFORMACION_MAESTRA		SI	1	2026-09-24 15:46:24.566937	NO	SIN_CUENTA_REGISTRADA		
13	2026-08-28	FK9XQZ1MGR	SIN_INFORMACION_MAESTRA		SI	1	2026-09-23 18:34:24.347290	NO	SIN_CUENTA_REGISTRADA		
14	2026-08-28	1B7HGVWPQO	SIN_INFORMACION_MAESTRA		SI	1	2025-11-05 14:18:01.071000	NO	SIN_CUENTA_REGISTRADA		
15	2026-08-28	Q8BB6LMM80	DROGUERÍA Y PERFUMERÍA SANTANDER	ENABLED	SI	1	2026-09-23 18:20:10.087759	NO	SIN_CUENTA_REGISTRADA		
16	2026-08-28	97B1X3AQSJ	SIN_INFORMACION_MAESTRA		SI	1	2026-09-24 09:08:51.520311	NO	SIN_CUENTA_REGISTRADA		
17	2026-08-28	2WZ9UO778I	FARMA DIANA DROGUERÍA	ENABLED	SI	1	2026-08-19 11:43:28.491000	NO	SIN_CUENTA_REGISTRADA		
18	2026-08-28	2R8RGWWOMC	ALMACENES WIN SAS 	ENABLED	SI	1	2026-08-19 10:15:55.223000	NO	SIN_CUENTA_REGISTRADA		
19	2026-08-28	Z472LRDO4K	DROGUERÍA DIOSALUD RD	ENABLED	SI	1	2026-09-23 19:06:53.333988	NO	SIN_CUENTA_REGISTRADA		
20	2026-08-28	AJ5XQ8640E	SIN_INFORMACION_MAESTRA		SI	1	2026-09-24 14:47:09.001674	NO	SIN_CUENTA_REGISTRADA		
21	2026-08-28	UJ6IC6QYVU	SIN_INFORMACION_MAESTRA		SI	1	2026-09-24 17:47:12.423705	NO	SIN_CUENTA_REGISTRADA		
22	2026-08-28	F4K0HCI3BX	SIN_INFORMACION_MAESTRA		SI	1	2026-09-24 17:00:39.292359	NO	SIN_CUENTA_REGISTRADA		
23	2026-08-28	3X0E9Z7SYT	SIN_INFORMACION_MAESTRA		SI	1	2025-11-21 11:03:13.672000	NO	SIN_CUENTA_REGISTRADA		
24	2026-08-28	QLBLA9NM6A	Droguería fierro	ENABLED	SI	1	2026-07-03 17:04:43.595000	NO	SIN_CUENTA_REGISTRADA		
25	2026-08-28	4I2PD2J2SH	Droguería Xiofarma jd	ENABLED	SI	1	2026-09-23 20:22:55.761451	NO	SIN_CUENTA_REGISTRADA		
26	2026-08-28	4ZJWZDY70P	SIN_INFORMACION_MAESTRA		SI	1	2026-07-06 11:26:52.755000	NO	SIN_CUENTA_REGISTRADA		
27	2026-08-28	4ULC5FOEZ4	Droguería Hiper Farma	ENABLED	SI	1	2026-07-30 14:46:29.416000	NO	SIN_CUENTA_REGISTRADA		
28	2026-08-28	EFXJWGG5GC	Droguería Star uno	ENABLED	SI	1	2026-07-06 10:46:16.472000	NO	SIN_CUENTA_REGISTRADA		
29	2026-08-28	FUGNVIJWU8	SIN_INFORMACION_MAESTRA		SI	1	2026-09-24 14:05:35.980724	NO	SIN_CUENTA_REGISTRADA		
30	2026-08-28	44CVFWETUO	Farmavitalia br SAS 	ENABLED	SI	1	2026-09-24 10:15:48.696831	NO	SIN_CUENTA_REGISTRADA		
31	2026-08-28	BW2O3VIGL9	DROGUERIA COLSANAR DEL NORTE	ENABLED	SI	1	2026-09-23 08:57:00.144610	NO	SIN_CUENTA_REGISTRADA		
32	2026-08-28	0ATHDV5HJG	Droguerias Mas Salud	ENABLED	NO	0		SI	8	BANCO DAVIVIENDA S.A.	SAVING
33	2026-08-28	SPGCUZ5SO6	DROGUERIA Y VARIEDADES ILENIA	ENABLED	NO	0		SI	30	DAVIPLATA	SAVING
34	2026-08-28	32AHS8GDKQ	Drogueria la mejorana	ENABLED	NO	0		SI	8	BANCO DAVIVIENDA S.A.	SAVING
35	2026-08-28	NCMQIP3M3C	Droguería jhoana	ENABLED	NO	0		SI	19	BANCOLOMBIA	SAVING
36	2026-08-28	ZQYE71NN20	Droguería Famiplus	ENABLED	NO	0		SI	19	BANCOLOMBIA	SAVING
37	2026-08-28	55U47GXWBM	Droguería mega mags	ENABLED	NO	0		SI	9	BANCO DE BOGOTÁ	SAVING
38	2026-08-28	FS9YLSJWLG	Drogueria Dalafarma	ENABLED	NO	0		SI	9	BANCO DE BOGOTÁ	SAVING
39	2026-08-28	13NS2IRWAL	Jair Drogueria	ENABLED	NO	0		SI	19	BANCOLOMBIA	SAVING
40	2026-08-28	489S5Q7WYV	Farmanueva Sas	ENABLED	NO	0		SI	9	BANCO DE BOGOTÁ	CHECKING
41	2026-08-28	57TSILGZB8	DROGUERIA SHALOM 2	ENABLED	NO	0		SI	9	BANCO DE BOGOTÁ	CHECKING
42	2026-08-28	F0GDAY74ZP	Droguería Borja	ENABLED	NO	0		SI	9	BANCO DE BOGOTÁ	CHECKING
43	2026-08-28	5N80W95AME	DROGUERIA LOZANO 2	ENABLED	NO	0		SI	29	NEQUI	SAVING
44	2026-08-28	4IUD0W6C6Y	SIN_INFORMACION_MAESTRA	ENABLED	NO	0		SI	19	BANCOLOMBIA	SAVING
45	2026-08-28	8YKCSTOSJ4	SIN_INFORMACION_MAESTRA		NO	0		NO	SIN_CUENTA_REGISTRADA		
46	2026-08-28	7O6B3M9280	SIN_INFORMACION_MAESTRA		NO	0		NO	SIN_CUENTA_REGISTRADA		
47	2026-08-28	6PRP3SGLO4	SIN_INFORMACION_MAESTRA		NO	0		NO	SIN_CUENTA_REGISTRADA		
48	2026-08-28	XMABPI8SDB	Droguería Farmacenter Yinimar	ENABLED	NO	0		NO	SIN_CUENTA_REGISTRADA		
49	2026-08-28	8ZG1MA7118	SIN_INFORMACION_MAESTRA		NO	0		NO	SIN_CUENTA_REGISTRADA		
50	2026-08-28	8X2Y2F2TLO	SIN_INFORMACION_MAESTRA		NO	0		NO	SIN_CUENTA_REGISTRADA		
51	2026-08-28	6WLOPUS55T	SIN_INFORMACION_MAESTRA		NO	0		NO	SIN_CUENTA_REGISTRADA		
52	2026-08-28	L7H1W2PHU6	Negocio de Mónica Yohana	ENABLED	NO	0		NO	SIN_CUENTA_REGISTRADA		
53	2026-08-28	8ZTAM1S61S	SIN_INFORMACION_MAESTRA		NO	0		NO	SIN_CUENTA_REGISTRADA		
54	2026-08-28	8XA8NWW9T3	SIN_INFORMACION_MAESTRA		NO	0		NO	SIN_CUENTA_REGISTRADA		
55	2026-08-28	7XOS5R6J7K	SIN_INFORMACION_MAESTRA		NO	0		NO	SIN_CUENTA_REGISTRADA		
56	2026-08-28	55KVWQMS70	Droguería Salud Social	ENABLED	NO	0		NO	SIN_CUENTA_REGISTRADA		
57	2026-08-28	97GGC3Y1O3	SIN_INFORMACION_MAESTRA		NO	0		NO	SIN_CUENTA_REGISTRADA		
58	2026-08-28	8YYG1O08G1	SIN_INFORMACION_MAESTRA		NO	0		NO	SIN_CUENTA_REGISTRADA		
59	2026-08-28	8Y94CAOMCS	SIN_INFORMACION_MAESTRA		NO	0		NO	SIN_CUENTA_REGISTRADA		
60	2026-08-28	Z3C6TXV5UQ	Droguería Inmar Salud SAS 	ENABLED	NO	0		NO	SIN_CUENTA_REGISTRADA		
61	2026-08-28	9B76AILNN8	SIN_INFORMACION_MAESTRA		NO	0		NO	SIN_CUENTA_REGISTRADA		
62	2026-08-28	8ZF1164J08	SIN_INFORMACION_MAESTRA		NO	0		NO	SIN_CUENTA_REGISTRADA		
63	2026-08-28	8Z9P1186OO	SIN_INFORMACION_MAESTRA		NO	0		NO	SIN_CUENTA_REGISTRADA		
64	2026-08-28	AB5GBIOYD3	DROGUERIAS ALFA	DISABLED	NO	0		NO	SIN_CUENTA_REGISTRADA		
65	2026-08-28	9BJM37O1SM	SIN_INFORMACION_MAESTRA		NO	0		NO	SIN_CUENTA_REGISTRADA		
66	2026-08-28	8ZPOSL6ST6	SIN_INFORMACION_MAESTRA		NO	0		NO	SIN_CUENTA_REGISTRADA		
67	2026-08-28	93TGL20L95	SIN_INFORMACION_MAESTRA		NO	0		NO	SIN_CUENTA_REGISTRADA		
68	2026-08-28	0QQ5L1BHF3	Droguería Gabysalud 	ENABLED	NO	0		NO	SIN_CUENTA_REGISTRADA		
69	2026-08-28	9BNC6O1SLL	SIN_INFORMACION_MAESTRA		NO	0		NO	SIN_CUENTA_REGISTRADA		
70	2026-08-28	9A0Z9T57SL	SIN_INFORMACION_MAESTRA		NO	0		NO	SIN_CUENTA_REGISTRADA		
71	2026-08-28	9AHI64GA6G	SIN_INFORMACION_MAESTRA		NO	0		NO	SIN_CUENTA_REGISTRADA		
72	2026-08-28	7IPCV8YYHF	Farmaprecios de Colombia SAS	ENABLED	NO	0		NO	SIN_CUENTA_REGISTRADA		
73	2026-08-28	9BNCA1G83G	SIN_INFORMACION_MAESTRA		NO	0		NO	SIN_CUENTA_REGISTRADA		
74	2026-08-28	9BLOMMJA7G	SIN_INFORMACION_MAESTRA		NO	0		NO	SIN_CUENTA_REGISTRADA		
75	2026-08-28	9BJ22J3OS6	SIN_INFORMACION_MAESTRA		NO	0		NO	SIN_CUENTA_REGISTRADA		
76	2026-08-28	5QI9HHZ4V3	FARMACIAS PREMIUM	ENABLED	NO	0		NO	SIN_CUENTA_REGISTRADA		
77	2026-08-28	9BNITOSJSM	SIN_INFORMACION_MAESTRA		NO	0		NO	SIN_CUENTA_REGISTRADA		
78	2026-08-28	9BOA9GJS6S	SIN_INFORMACION_MAESTRA		NO	0		NO	SIN_CUENTA_REGISTRADA		
79	2026-08-28	9BMS599P2O	SIN_INFORMACION_MAESTRA		NO	0		NO	SIN_CUENTA_REGISTRADA		
80	2026-08-28	ZQZQP1TCOJ	DROGUERIAS PREMIER DE COLOMBIA	ENABLED	NO	0		NO	SIN_CUENTA_REGISTRADA		
81	2026-08-28	9BPMOI6GA8	SIN_INFORMACION_MAESTRA		NO	0		NO	SIN_CUENTA_REGISTRADA		
82	2026-08-28	9BP8OOSG5P	SIN_INFORMACION_MAESTRA		NO	0		NO	SIN_CUENTA_REGISTRADA		
83	2026-08-28	9BPT480I85	SIN_INFORMACION_MAESTRA		NO	0		NO	SIN_CUENTA_REGISTRADA		
84	2026-08-28	2KZIAUWNWC	Drogueria hospitalaria 	ENABLED	NO	0		NO	SIN_CUENTA_REGISTRADA		
85	2026-08-28	9BQM0OMTLL	SIN_INFORMACION_MAESTRA		NO	0		NO	SIN_CUENTA_REGISTRADA		
86	2026-08-28	9BPG93J3SA	SIN_INFORMACION_MAESTRA		NO	0		NO	SIN_CUENTA_REGISTRADA		
87	2026-08-28	9BRTOS1323	SIN_INFORMACION_MAESTRA		NO	0		NO	SIN_CUENTA_REGISTRADA		
88	2026-08-28	3FYFN0GLIG	Farmacenter Siglo XXI Nemocón	ENABLED	NO	0		NO	SIN_CUENTA_REGISTRADA		
89	2026-08-28	9BR8CS2MC3	SIN_INFORMACION_MAESTRA		NO	0		NO	SIN_CUENTA_REGISTRADA		
90	2026-08-28	9BR0SLMC23	SIN_INFORMACION_MAESTRA		NO	0		NO	SIN_CUENTA_REGISTRADA		
91	2026-08-28	9BVLL1AOSN	SIN_INFORMACION_MAESTRA		NO	0		NO	SIN_CUENTA_REGISTRADA		
92	2026-08-28	55J5DANVAC	DROGUERIA PEREZ	ENABLED	NO	0		NO	SIN_CUENTA_REGISTRADA		
93	2026-08-28	9BT88OLL4N	SIN_INFORMACION_MAESTRA		NO	0		NO	SIN_CUENTA_REGISTRADA		
94	2026-08-28	9BRPOLLST1	SIN_INFORMACION_MAESTRA		NO	0		NO	SIN_CUENTA_REGISTRADA		
95	2026-08-28	9BXN7S9OOS	SIN_INFORMACION_MAESTRA		NO	0		NO	SIN_CUENTA_REGISTRADA		
96	2026-08-28	0IWY258WI1	Droguería Santa Pharma	ENABLED	NO	0		NO	SIN_CUENTA_REGISTRADA		
97	2026-08-28	9BUTOM1ST8	SIN_INFORMACION_MAESTRA		NO	0		NO	SIN_CUENTA_REGISTRADA		
98	2026-08-28	9BTC076MT2	SIN_INFORMACION_MAESTRA		NO	0		NO	SIN_CUENTA_REGISTRADA		
99	2026-08-28	9BZM36C3MM	SIN_INFORMACION_MAESTRA		NO	0		NO	SIN_CUENTA_REGISTRADA		
100	2026-08-28	2Q374JFGOU	Farmacenter Gaitán 	ENABLED	NO	0		NO	SIN_CUENTA_REGISTRADA		
