#	source_row	merchant_id	nombre_archivo	merchant_name	merchant_creation_date	onboarding_completion_date	merchant_status	onboarding_status	sales_source	acquisition_channel_source	acquisition_channel_value	sales_agent_email	opportunity_id	opportunity_status	opportunity_sales_channel	opportunity_type	management_type	opportunity_creation_date	won_date	activation_date	recomendacion_canal	estado_oportunidad
1	2	R2BWFBJS7A	COOPICRÉDITO - DROGUERIAS SANSALUD ARBOLETES																		SIN_MATCH_DIM_CLIENT	SIN_OPORTUNIDAD
2	21	97B1X3AQSJ	COOPICRÉDITO - DROGUERÍA DIOSALUD LOS ANGELES																		SIN_MATCH_DIM_CLIENT	SIN_OPORTUNIDAD
3	22	9RDRW9GH0A	COOPICRÉDITO - DROGUERÍAS DIOSALUD																		SIN_MATCH_DIM_CLIENT	SIN_OPORTUNIDAD
4	23	FK9XQZ1MGR	COOPICRÉDITO - DROGUERÍA DIOSALUD RS																		SIN_MATCH_DIM_CLIENT	SIN_OPORTUNIDAD
5	25	4ET483LBS9	COOPICRÉDITO - DROGUERIA MICHEL																		SIN_MATCH_DIM_CLIENT	SIN_OPORTUNIDAD
6	26	UJ6IC6QYVU	COOPICRÉDITO - DROGUERIA DE LA 146																		SIN_MATCH_DIM_CLIENT	SIN_OPORTUNIDAD
7	27	F4K0HCI3BX	COOPICRÉDITO - DROGUERIA VICTORIA NORTE																		SIN_MATCH_DIM_CLIENT	SIN_OPORTUNIDAD
8	28	T035E5K6WQ	COOPICRÉDITO - DROGUERIA VICTORIA NORTE 2																		SIN_MATCH_DIM_CLIENT	SIN_OPORTUNIDAD
9	29	D7F22FG5QR	COOPICRÉDITO - DROGUERIA CRUZ AZUL 104																		SIN_MATCH_DIM_CLIENT	SIN_OPORTUNIDAD
10	30	FUGNVIJWU8	COOPICRÉDITO - DROGUERIA ANDES FARMA																		SIN_MATCH_DIM_CLIENT	SIN_OPORTUNIDAD
11	31	AJ5XQ8640E	COOPICRÉDITO - DROGUERIA CRUZ AZUL 133																		SIN_MATCH_DIM_CLIENT	SIN_OPORTUNIDAD
12	1	B0CKR5HU8C	COOPICRÉDITO - DROGUERIAS SANSALUD SAN PEDRO DE URABA	DROGUERIAS SANSALUD SAN PEDRO DE URABA	2026-05-23 10:09:23.407768	2026-05-23 10:13:13.435445	ENABLED	APPROVED	INBOUND		INBOUND										SIN_OPORTUNIDAD_CRM	SIN_OPORTUNIDAD
13	3	ENVQ1TNW9V	COOPICRÉDITO - FARMAHOGAR CENTRAL	Droguería farmahogar central	2026-06-11 12:20:47.961205	2026-06-11 12:28:16.029799	ENABLED	APPROVED	INBOUND		INBOUND										SIN_OPORTUNIDAD_CRM	SIN_OPORTUNIDAD
14	4	BGDA1VQOLZ	COOPICRÉDITO - DROGUERÍA CALIMÍO	Droguería Calimío	2026-06-16 16:56:47.054352	2026-06-16 17:09:55.359144	ENABLED	APPROVED	INBOUND		INBOUND										SIN_OPORTUNIDAD_CRM	SIN_OPORTUNIDAD
15	5	CINAK5N1MV	COOPICRÉDITO - DROGUERIA SAN GIL 1	DROGUERIA SAN GIL 1	2026-06-26 18:07:45.960525	2026-06-26 18:22:35.631642	ENABLED	APPROVED	INBOUND		INBOUND										SIN_OPORTUNIDAD_CRM	SIN_OPORTUNIDAD
16	6	3ODGLUFW0P	COOPICRÉDITO - DROGUERÍA ANDINA CE	Droguería Andina CE	2026-06-26 11:52:16.064864	2026-06-26 11:58:37.665316	ENABLED	APPROVED	INBOUND		INBOUND										SIN_OPORTUNIDAD_CRM	SIN_OPORTUNIDAD
17	7	TOGZAEVZ0K	COOPICRÉDITO - DROGUERÍA CLUBMED	Droguería Clubmed	2026-07-30 11:05:38.392221	2026-07-30 11:13:00.786184	ENABLED	APPROVED	INBOUND		INBOUND										SIN_OPORTUNIDAD_CRM	SIN_OPORTUNIDAD
18	8	0XV9992C0O	COOPICRÉDITO - DROGUERÍA Y FARMACIA CENTRAL	Droguería y Farmacia Central	2026-08-06 09:12:05.587026	2026-08-06 09:16:58.046533	ENABLED	APPROVED	INBOUND		INBOUND										SIN_OPORTUNIDAD_CRM	SIN_OPORTUNIDAD
19	9	GHTNMF7727	COOPICRÉDITO - DROGUERIA MELCOMIA	Drogueria Melcomia 	2026-08-06 17:08:35.384396	2026-08-06 17:13:35.054909	ENABLED	APPROVED	INBOUND		INBOUND										SIN_OPORTUNIDAD_CRM	SIN_OPORTUNIDAD
20	10	XMABPI8SDB	COOPICRÉDITO - DROGUERÍA FARMACENTER YINIMAR	Droguería Farmacenter Yinimar	2026-08-14 12:39:03.724387	2026-08-14 12:43:26.196630	ENABLED	APPROVED	INBOUND		INBOUND										SIN_OPORTUNIDAD_CRM	SIN_OPORTUNIDAD
21	11	1KQZPLFRVW	COOPICRÉDITO - FARMALKOSTO ALMENDROS																		SIN_OPORTUNIDAD_CRM	SIN_OPORTUNIDAD
22	12	JXLFJ824NO	COOPICRÉDITO - DROGUERÍAS EXPRESO	Droguerías Expreso	2026-08-14 11:22:26.022991	2026-08-14 11:28:02.587374	ENABLED	APPROVED	INBOUND		INBOUND										SIN_OPORTUNIDAD_CRM	SIN_OPORTUNIDAD
23	13	PL0B5ER5G3	COOPICRÉDITO - DROGUERIA VILLADELA	Drogueria  villadela	2026-08-20 09:33:27.598895	2026-08-20 09:40:51.730783	ENABLED	APPROVED	INBOUND		INBOUND										SIN_OPORTUNIDAD_CRM	SIN_OPORTUNIDAD
24	16	R4FNXSI23Y	COOPICRÉDITO - DROGARCIA NO4	DROGARCIA No4	2024-12-04 13:11:16.927311	2024-12-04 13:28:49.994273	ENABLED	APPROVED	INBOUND		INBOUND										SIN_OPORTUNIDAD_CRM	SIN_OPORTUNIDAD
25	20	Z472LRDO4K	COOPICRÉDITO - DROGUERÍA DIOSALUD RD	DROGUERÍA DIOSALUD RD	2026-09-19 09:03:50.273626	2026-09-19 09:08:24.946341	ENABLED	APPROVED	HUBS		HUBS	favio.jara@bold.co									SIN_OPORTUNIDAD_CRM	SIN_OPORTUNIDAD
26	24	Q8BB6LMM80	COOPICRÉDITO - DROGUERÍA Y PERFUMERÍA SANTANDER	DROGUERÍA Y PERFUMERÍA SANTANDER	2026-09-22 17:31:49.476695	2026-09-22 17:36:16.874700	ENABLED	APPROVED	HUBS		HUBS	dayana.pinzon@bold.co									SIN_OPORTUNIDAD_CRM	SIN_OPORTUNIDAD
27	32	4I2PD2J2SH	COOPICRÉDITO - DROGUERÍA XIOFARMA JD	Droguería Xiofarma jd	2026-06-19 08:18:02.130511	2026-06-19 08:22:11.523686	ENABLED	APPROVED	DISTRIBUTOR		INBOUND										SIN_OPORTUNIDAD_CRM	SIN_OPORTUNIDAD
28	14	L7H1W2PHU6	COOPICRÉDITO - NEGOCIO DE MÓNICA YOHANA	Negocio de Mónica Yohana	2026-08-19 15:20:59.769359	2026-08-19 15:31:30.107178	ENABLED	APPROVED	ENTERPRISE		INBOUND										YA_ENTERPRISE_O_VALIDAR_CONSISTENCIA	SIN_OPORTUNIDAD
29	15	0GRNI5F4QF	COOPICRÉDITO - DROGUERÍA SAN ANTERO	Droguería San Antero 	2026-09-05 14:48:29.483082	2026-09-05 14:55:07.904803	ENABLED	APPROVED	ENTERPRISE		ENTERPRISE	jeyson.salazar@bold.co									YA_ENTERPRISE_O_VALIDAR_CONSISTENCIA	SIN_OPORTUNIDAD
30	17	M28ST7P6ZS	COOPICRÉDITO - MIL DROGAS DOS	MIL DROGAS DOS	2026-09-11 12:07:37.733276	2026-09-11 12:15:04.494348	ENABLED	APPROVED	ENTERPRISE		ENTERPRISE	jeyson.salazar@bold.co									YA_ENTERPRISE_O_VALIDAR_CONSISTENCIA	SIN_OPORTUNIDAD
31	18	BW2O3VIGL9	COOPICRÉDITO - DROGUERÍA COLSANAR DEL NORTE	DROGUERIA COLSANAR DEL NORTE	2026-09-14 08:48:55.597690	2026-09-14 08:53:34.386890	ENABLED	APPROVED	ENTERPRISE		ENTERPRISE	jeyson.salazar@bold.co									YA_ENTERPRISE_O_VALIDAR_CONSISTENCIA	SIN_OPORTUNIDAD
32	19	0GDIBQPP50	COOPICRÉDITO - DROGUERÍA LA CUARTA B	DROGUERÍA LA CUARTA B	2026-09-14 12:38:39.903570	2026-09-14 12:44:56.307133	ENABLED	APPROVED	ENTERPRISE		ENTERPRISE	jeyson.salazar@bold.co									YA_ENTERPRISE_O_VALIDAR_CONSISTENCIA	SIN_OPORTUNIDAD
