#	source_row	merchant_id	merchant_name	tiene_sonoqr	cantidad_sonoqr	seriales_sonoqr	merchants_actualmente_asociados	primera_asociacion_actual	ultima_asociacion	primera_tx_sonoqr	ultima_tx_sonoqr	tiene_cuenta_bold	numero_cuenta_bold	bancos_registrados	ids_cuenta_registrados	estado_conciliacion
14	14	0KHOGAT8VD	Droguería Xivica	SI	3	38260328408201, 38260328408219, 38251116910744	0KHOGAT8VD	2026-04-07 16:19:16.116000	2026-05-14 16:12:44.509000	2026-04-07 16:40:30.366000	2026-09-28 21:38:17.026088	NO		SIN_NOMBRE_BANCO	SIN_ID_CUENTA	SONOQR_PRESENTE_SIN_CUENTA_BOLD_REVISAR
22	22	1B7HGVWPQO	Droguería Serfacol 3	SI	1	38250911710360	1B7HGVWPQO	2025-11-05 14:14:25.076000	2025-11-05 14:14:25.076000	2025-11-05 14:18:01.071000	2026-09-28 16:58:11.563136	NO	SIN_CUENTA_BOLD			SONOQR_PRESENTE_SIN_CUENTA_BOLD_REVISAR
23	23	1HN4UQWMG4	FARMAIVON	SI	1	38260625009850	1HN4UQWMG4	2026-08-25 15:47:20.495000	2026-08-25 15:47:20.495000	2026-08-25 15:48:41.839000	2026-09-28 21:40:56.557957	NO		BANCOLOMBIA	19	SONOQR_PRESENTE_SIN_CUENTA_BOLD_REVISAR
26	26	1P8Q9P60GS	Droguería Star JS	SI	1	38260511523107	1P8Q9P60GS	2026-07-04 10:24:39.756000	2026-07-04 10:24:39.756000	2026-07-04 10:35:31.665000	2026-09-28 21:10:01.561764	NO		SIN_NOMBRE_BANCO	SIN_ID_CUENTA	SONOQR_PRESENTE_SIN_CUENTA_BOLD_REVISAR
28	28	1UG6EC0153	Drogueria Salserin	SI	1	38251116903155	1UG6EC0153	2026-02-18 14:53:50.698000	2026-02-18 14:53:50.698000	2026-02-18 14:54:48.302000	2026-05-05 14:16:17.973000	NO		SIN_NOMBRE_BANCO	SIN_ID_CUENTA	SONOQR_PRESENTE_SIN_CUENTA_BOLD_REVISAR
36	36	2BWXVSPCV4	Farmasalitre	SI	2	38251116914426, 38251116901257	2BWXVSPCV4	2026-05-19 09:58:30.052000	2026-05-19 10:51:39.343000	2026-05-19 10:00:32.330000	2026-05-19 10:45:38.628000	NO		BANCO DAVIVIENDA S.A.	8	SONOQR_PRESENTE_SIN_CUENTA_BOLD_REVISAR
43	43	2R8RGWWOMC	DROGUERIA MINIMARKET WIN 	SI	1	38260625004133	2R8RGWWOMC	2026-08-19 10:10:40.030000	2026-08-19 10:10:40.030000	2026-08-19 10:15:55.223000	2026-09-28 20:50:43.235389	NO		SIN_NOMBRE_BANCO	SIN_ID_CUENTA	SONOQR_PRESENTE_SIN_CUENTA_BOLD_REVISAR
47	47	2WZ9UO778I	FARMA DIANA DROGUERÍA	SI	1	38260625004139	2WZ9UO778I	2026-08-19 11:36:02.924000	2026-08-19 11:36:02.924000	2026-08-19 11:43:28.491000	2026-09-25 17:39:05.206193	NO		SIN_NOMBRE_BANCO	SIN_ID_CUENTA	SONOQR_PRESENTE_SIN_CUENTA_BOLD_REVISAR
61	61	3X0E9Z7SYT	Droguería Serfacol Marsella 	SI	1	38250911710038	3X0E9Z7SYT	2025-11-21 11:01:27.844000	2025-11-21 11:01:27.844000	2025-11-21 11:03:13.672000	2026-09-28 20:30:42.144254	NO	SIN_CUENTA_BOLD			SONOQR_PRESENTE_SIN_CUENTA_BOLD_REVISAR
64	64	44CVFWETUO	Farmavitalia br SAS 	SI	1	38260511505179	44CVFWETUO	2026-09-23 21:28:03.734000	2026-09-23 21:28:03.734000	2026-08-03 12:14:04.302000	2026-09-27 19:18:04.861237	NO		SIN_NOMBRE_BANCO	SIN_ID_CUENTA	SONOQR_PRESENTE_SIN_CUENTA_BOLD_REVISAR
67	67	4ET483LBS9	DROGUERIA MICHEL	SI	1	38260803442195	4ET483LBS9	2026-09-24 16:28:08.157000	2026-09-24 16:28:08.157000	2026-09-24 16:34:00.366951	2026-09-28 21:11:36.348628	NO	SIN_CUENTA_BOLD			SONOQR_PRESENTE_SIN_CUENTA_BOLD_REVISAR
68	68	4FQG6O9PAA	Droguería Coldrogas	SI	4	38251116903176, 38260511510921, 38251116903164, 38251116903179	4FQG6O9PAA	2026-01-09 11:35:28.948000	2026-07-08 18:34:34.899000	2026-01-09 11:38:33.308000	2026-09-28 21:22:00.386850	NO		DAVIPLATA	30	SONOQR_PRESENTE_SIN_CUENTA_BOLD_REVISAR
70	70	4I2PD2J2SH	Droguería Xiofarma jd	SI	1	38260328408766	4I2PD2J2SH	2026-09-23 20:19:42.403000	2026-09-23 20:19:42.403000	2026-09-23 20:22:55.761451	2026-09-28 21:23:32.604789	NO		SIN_NOMBRE_BANCO	SIN_ID_CUENTA	SONOQR_PRESENTE_SIN_CUENTA_BOLD_REVISAR
75	75	4ULC5FOEZ4	Droguería Hiper Farma	SI	1	38260521502936	4ULC5FOEZ4	2026-07-30 14:45:20.282000	2026-07-30 14:45:20.282000	2026-07-30 14:46:29.416000	2026-09-28 21:23:33.948090	NO		SIN_NOMBRE_BANCO	SIN_ID_CUENTA	SONOQR_PRESENTE_SIN_CUENTA_BOLD_REVISAR
77	77	4ZJWZDY70P	Droguería Especial Santa Rosa	SI	1	38260511523104	4ZJWZDY70P	2026-07-06 11:16:30.838000	2026-07-06 11:16:30.838000	2026-07-06 11:26:52.755000	2026-09-28 21:35:01.793677	NO	SIN_CUENTA_BOLD			SONOQR_PRESENTE_SIN_CUENTA_BOLD_REVISAR
1	1	007ZCN72T9	Droguerías CARDIOREBAJAS 	NO	0							NO		SIN_NOMBRE_BANCO	SIN_ID_CUENTA	SIN_SONOQR_Y_SIN_CUENTA_BOLD
2	2	00HW77NRS5	Drogueria Casanarena	NO	0							NO	SIN_CUENTA_BOLD			SIN_SONOQR_Y_SIN_CUENTA_BOLD
3	3	06INTAJXU4	AQUIMEDIC SAS	NO	0							NO		SIN_NOMBRE_BANCO	SIN_ID_CUENTA	SIN_SONOQR_Y_SIN_CUENTA_BOLD
4	4	07B2HUVM7F	Droguería Glucopharma SAS	NO	0							NO		SIN_NOMBRE_BANCO	SIN_ID_CUENTA	SIN_SONOQR_Y_SIN_CUENTA_BOLD
5	5	07JGC7N573	ASFARMA 2	NO	0							NO		SIN_NOMBRE_BANCO	SIN_ID_CUENTA	SIN_SONOQR_Y_SIN_CUENTA_BOLD
6	6	0ATHDV5HJG	Droguerias Mas Salud	NO	0							NO		BANCO DAVIVIENDA S.A.	8	SIN_SONOQR_Y_SIN_CUENTA_BOLD
7	7	0BE18WOVV2	SFARMA DROGUERIAS N 6 SAN CIPRIANO	NO	0							NO	SIN_CUENTA_BOLD			SIN_SONOQR_Y_SIN_CUENTA_BOLD
8	8	0C0XOP1SPP	DROGUERÍA FARMACENTER PUNTO ECONÓMICAS	NO	0							NO	SIN_CUENTA_BOLD			SIN_SONOQR_Y_SIN_CUENTA_BOLD
9	9	0GDIBQPP50	DROGUERÍA LA CUARTA B	NO	0							NO		SIN_NOMBRE_BANCO	SIN_ID_CUENTA	SIN_SONOQR_Y_SIN_CUENTA_BOLD
10	10	0GRNI5F4QF	Droguería San Antero 	NO	0							NO		SIN_NOMBRE_BANCO	SIN_ID_CUENTA	SIN_SONOQR_Y_SIN_CUENTA_BOLD
11	11	0ISTC22YF7	drogueria y minimarket maxifamiliar del huila	NO	0							NO		SIN_NOMBRE_BANCO	SIN_ID_CUENTA	SIN_SONOQR_Y_SIN_CUENTA_BOLD
12	12	0IWY258WI1	Droguería Santa Pharma	NO	0							NO		SIN_NOMBRE_BANCO	SIN_ID_CUENTA	SIN_SONOQR_Y_SIN_CUENTA_BOLD
13	13	0K38JOTZ07	DROGUERÍA FARMA DASAN 	NO	0							NO	SIN_CUENTA_BOLD			SIN_SONOQR_Y_SIN_CUENTA_BOLD
15	15	0QQ5L1BHF3	Droguería Gabysalud 	NO	0							NO		SIN_NOMBRE_BANCO	SIN_ID_CUENTA	SIN_SONOQR_Y_SIN_CUENTA_BOLD
16	16	0QR9JQGVSG	Droguería F C Comunitaria 	NO	0							NO	SIN_CUENTA_BOLD			SIN_SONOQR_Y_SIN_CUENTA_BOLD
17	17	0SNB18VV5N	Droguería CARDIOREBAJAS 2 	NO	0							NO	SIN_CUENTA_BOLD			SIN_SONOQR_Y_SIN_CUENTA_BOLD
18	18	0TYYHKUHP8	DROGUERIA CALATRAVA	NO	0							NO	SIN_CUENTA_BOLD			SIN_SONOQR_Y_SIN_CUENTA_BOLD
19	19	0XV9992C0O	Droguería y Farmacia Central	NO	0							NO		SIN_NOMBRE_BANCO	SIN_ID_CUENTA	SIN_SONOQR_Y_SIN_CUENTA_BOLD
20	20	10BM9VXQVG	FARMAPRECIOS 1 BOGOTA	NO	0							NO	SIN_CUENTA_BOLD			SIN_SONOQR_Y_SIN_CUENTA_BOLD
21	21	13NS2IRWAL	Jair Drogueria	NO	0							NO		BANCOLOMBIA	19	SIN_SONOQR_Y_SIN_CUENTA_BOLD
24	24	1IOK8M0I1O	droguería y minimarket Solsalud.as ciento cuarenta	NO	0							NO	SIN_CUENTA_BOLD			SIN_SONOQR_Y_SIN_CUENTA_BOLD
25	25	1KQZPLFRVW	FARMALKOSTO ALMENDROS	NO	0							NO	SIN_CUENTA_BOLD			SIN_SONOQR_Y_SIN_CUENTA_BOLD
27	27	1TZPXSCAW9	Droguería Cosmo Salud	NO	0							NO	SIN_CUENTA_BOLD			SIN_SONOQR_Y_SIN_CUENTA_BOLD
29	29	1UW879TOR7	DROGUERIAS FAMILIARES No1	NO	0							NO	SIN_CUENTA_BOLD			SIN_SONOQR_Y_SIN_CUENTA_BOLD
30	30	22CTCHV46Y	FARMACIA MÉRIDA MA PLUS SAS	NO	0							NO		SIN_NOMBRE_BANCO	SIN_ID_CUENTA	SIN_SONOQR_Y_SIN_CUENTA_BOLD
31	31	22U2CK38YL	Drogueria Xivica Tres	NO	0							NO	SIN_CUENTA_BOLD			SIN_SONOQR_Y_SIN_CUENTA_BOLD
32	32	25S37U3CNA	Droguería laboyana jr	NO	0							NO		SIN_NOMBRE_BANCO	SIN_ID_CUENTA	SIN_SONOQR_Y_SIN_CUENTA_BOLD
33	33	25UZBO1Y3V	Droguería La Humanitaria	NO	0							NO		SIN_NOMBRE_BANCO	SIN_ID_CUENTA	SIN_SONOQR_Y_SIN_CUENTA_BOLD
34	34	27568RHV6J	Drogueria Horocary minimarket	NO	0							NO		SIN_NOMBRE_BANCO	SIN_ID_CUENTA	SIN_SONOQR_Y_SIN_CUENTA_BOLD
35	35	286Z87LVL9	Droguería CONDER	NO	0							NO		SIN_NOMBRE_BANCO	SIN_ID_CUENTA	SIN_SONOQR_Y_SIN_CUENTA_BOLD
37	37	2EN0WTURUG	DROGUERIAS MEDISUR 	NO	0							NO	SIN_CUENTA_BOLD			SIN_SONOQR_Y_SIN_CUENTA_BOLD
38	38	2F2N70O5YQ	Droguería pharmaceuticos	NO	0							NO		SIN_NOMBRE_BANCO	SIN_ID_CUENTA	SIN_SONOQR_Y_SIN_CUENTA_BOLD
39	39	2KYEXILWP9	FARMACENTER SHAIO	NO	0							NO	SIN_CUENTA_BOLD			SIN_SONOQR_Y_SIN_CUENTA_BOLD
40	40	2KZIAUWNWC	Drogueria hospitalaria 	NO	0							NO		SIN_NOMBRE_BANCO	SIN_ID_CUENTA	SIN_SONOQR_Y_SIN_CUENTA_BOLD
41	41	2PPCRU1V31	Drogueria Pachon	NO	0							NO		SIN_NOMBRE_BANCO	SIN_ID_CUENTA	SIN_SONOQR_Y_SIN_CUENTA_BOLD
42	42	2Q374JFGOU	Farmacenter Gaitán 	NO	0							NO		SIN_NOMBRE_BANCO	SIN_ID_CUENTA	SIN_SONOQR_Y_SIN_CUENTA_BOLD
44	44	2RW7TX39BJ	Droguería Maxifarma FC	NO	0							NO		SIN_NOMBRE_BANCO	SIN_ID_CUENTA	SIN_SONOQR_Y_SIN_CUENTA_BOLD
45	45	2S3YFTIOWT	Droguerías  farmanet	NO	0							NO	SIN_CUENTA_BOLD			SIN_SONOQR_Y_SIN_CUENTA_BOLD
46	46	2T7EB5U57A	Drogueria Sanitos	NO	0							NO		SIN_NOMBRE_BANCO	SIN_ID_CUENTA	SIN_SONOQR_Y_SIN_CUENTA_BOLD
48	48	32AHS8GDKQ	Drogueria Yolivan	NO	0							NO		BANCO DAVIVIENDA S.A.	8	SIN_SONOQR_Y_SIN_CUENTA_BOLD
49	49	364IFJ0KJ0	Droguería Occidental del Quindio	NO	0							NO		SIN_NOMBRE_BANCO	SIN_ID_CUENTA	SIN_SONOQR_Y_SIN_CUENTA_BOLD
50	50	39HYZYQBCS	Drogueria El Galeno de Florida	NO	0							NO		SIN_NOMBRE_BANCO	SIN_ID_CUENTA	SIN_SONOQR_Y_SIN_CUENTA_BOLD
51	51	3ALKBOT764	Drogueria Centenario Tauramena	NO	0							NO	SIN_CUENTA_BOLD			SIN_SONOQR_Y_SIN_CUENTA_BOLD
52	52	3CH8FBJ9AN	SFARMA DROGUERIAS N 23 SAN CRISTOBAL	NO	0							NO	SIN_CUENTA_BOLD			SIN_SONOQR_Y_SIN_CUENTA_BOLD
53	53	3FYFN0GLIG	Farmacenter Siglo XXI Nemocón	NO	0							NO		SIN_NOMBRE_BANCO	SIN_ID_CUENTA	SIN_SONOQR_Y_SIN_CUENTA_BOLD
54	54	3FZ0MNAA85	ELDORADO SUCURSAL 1 PUENTE LARGO	NO	0							NO	SIN_CUENTA_BOLD			SIN_SONOQR_Y_SIN_CUENTA_BOLD
55	55	3K2UR9MQ3O	SFARMA DROGUERIAS N 9 ASUNCION	NO	0							NO	SIN_CUENTA_BOLD			SIN_SONOQR_Y_SIN_CUENTA_BOLD
56	56	3LFMNSDMDQ	DROGUERIA COFAMIL 	NO	0							NO		SIN_NOMBRE_BANCO	SIN_ID_CUENTA	SIN_SONOQR_Y_SIN_CUENTA_BOLD
57	57	3ODGLUFW0P	Droguería Andina CE	NO	0							NO		SIN_NOMBRE_BANCO	SIN_ID_CUENTA	SIN_SONOQR_Y_SIN_CUENTA_BOLD
58	58	3OO2I3IBML	Drogueria farmamedic bosa #4	NO	0							NO	SIN_CUENTA_BOLD			SIN_SONOQR_Y_SIN_CUENTA_BOLD
59	59	3RTLO9YSA8	Drogueria Megadescuentos dos	NO	0							NO	SIN_CUENTA_BOLD			SIN_SONOQR_Y_SIN_CUENTA_BOLD
60	60	3VKSE11YHA	Famidrogas el poblado	NO	0							NO		SIN_NOMBRE_BANCO	SIN_ID_CUENTA	SIN_SONOQR_Y_SIN_CUENTA_BOLD
62	62	3X4LMKE8LL	Droguería Rexal	NO	0							NO	SIN_CUENTA_BOLD			SIN_SONOQR_Y_SIN_CUENTA_BOLD
63	63	407PTNVTRN	Droguería Lealfarma	NO	0							NO	SIN_CUENTA_BOLD			SIN_SONOQR_Y_SIN_CUENTA_BOLD
65	65	489S5Q7WYV	Farmanueva Sas	NO	0							NO		BANCO DE BOGOTÁ	9	SIN_SONOQR_Y_SIN_CUENTA_BOLD
66	66	4CKTSEVUUS	Droguería farmaahorro	NO	0							NO	SIN_CUENTA_BOLD			SIN_SONOQR_Y_SIN_CUENTA_BOLD
69	69	4GSR3W3555	Droguería de Narváez Dos	NO	0							NO		SIN_NOMBRE_BANCO	SIN_ID_CUENTA	SIN_SONOQR_Y_SIN_CUENTA_BOLD
71	71	4IUD0W6C6Y	Droguería Sanamor	NO	0							NO		BANCOLOMBIA	19	SIN_SONOQR_Y_SIN_CUENTA_BOLD
72	72	4JF8VIZSZC	MEJORA TU SALUD	NO	0							NO		SIN_NOMBRE_BANCO	SIN_ID_CUENTA	SIN_SONOQR_Y_SIN_CUENTA_BOLD
73	73	4MPT1SLMS3	DROGUERIAS PREMIUM PRIMAVERA	NO	0							NO	SIN_CUENTA_BOLD			SIN_SONOQR_Y_SIN_CUENTA_BOLD
74	74	4Q1WPIQFDI	Droguería Superpharma el Carmen	NO	0							NO		SIN_NOMBRE_BANCO	SIN_ID_CUENTA	SIN_SONOQR_Y_SIN_CUENTA_BOLD
76	76	4WZ93LQE5J	Drog maxidescuentos principal	NO	0							NO		SIN_NOMBRE_BANCO	SIN_ID_CUENTA	SIN_SONOQR_Y_SIN_CUENTA_BOLD
78	78	53ZV791KK1	DROGUERÍA CAPINORTE 1	NO	0							NO		SIN_NOMBRE_BANCO	SIN_ID_CUENTA	SIN_SONOQR_Y_SIN_CUENTA_BOLD
79	79	54LXJZBNZ9	SFARMA DROGUERIAS N 2 PATIO BONITO	NO	0							NO	SIN_CUENTA_BOLD			SIN_SONOQR_Y_SIN_CUENTA_BOLD
80	80	55J5DANVAC	DROGUERIA PEREZ	NO	0							NO		SIN_NOMBRE_BANCO	SIN_ID_CUENTA	SIN_SONOQR_Y_SIN_CUENTA_BOLD
81	81	55KVWQMS70	Droguería Salud Social	NO	0							NO		SIN_NOMBRE_BANCO	SIN_ID_CUENTA	SIN_SONOQR_Y_SIN_CUENTA_BOLD
82	82	55U47GXWBM	Droguería mega mags	NO	0							NO		BANCO DE BOGOTÁ	9	SIN_SONOQR_Y_SIN_CUENTA_BOLD
83	83	56BYX939V2	FARMAPRECIOS 4 VILLAPINZON	NO	0							NO	SIN_CUENTA_BOLD			SIN_SONOQR_Y_SIN_CUENTA_BOLD
84	84	57TSILGZB8	DROGUERIA SHALOM 1	NO	0							NO		BANCO DE BOGOTÁ	9	SIN_SONOQR_Y_SIN_CUENTA_BOLD
85	85	585CKXOEHH	Drogueria Empresarial	NO	0							NO		SIN_NOMBRE_BANCO	SIN_ID_CUENTA	SIN_SONOQR_Y_SIN_CUENTA_BOLD
86	86	5H91JVCI4I	Droguería San Juan 	NO	0							NO		SIN_NOMBRE_BANCO	SIN_ID_CUENTA	SIN_SONOQR_Y_SIN_CUENTA_BOLD
87	87	5HT3134U9L	CRAM Trinidad	NO	0							NO	SIN_CUENTA_BOLD			SIN_SONOQR_Y_SIN_CUENTA_BOLD
88	88	5N80W95AME	DROGUERIA LOZANO 2	NO	0							NO		NEQUI	29	SIN_SONOQR_Y_SIN_CUENTA_BOLD
89	89	5PDL06YQS8	DROGUERIA NIZA DE GUAMAL	NO	0							NO		SIN_NOMBRE_BANCO	SIN_ID_CUENTA	SIN_SONOQR_Y_SIN_CUENTA_BOLD
90	90	5QI9HHZ4V3	FARMACIAS PREMIUM	NO	0							NO		SIN_NOMBRE_BANCO	SIN_ID_CUENTA	SIN_SONOQR_Y_SIN_CUENTA_BOLD
91	91	5SHPG9GQQ7	Cigarreria y Bar punto 24	NO	0							NO	SIN_CUENTA_BOLD			SIN_SONOQR_Y_SIN_CUENTA_BOLD
92	92	5SMNGBY745	DROGUERIAS ALFA MILAN	NO	0							NO	SIN_CUENTA_BOLD			SIN_SONOQR_Y_SIN_CUENTA_BOLD
93	93	5TXS2ZG7XX	DROGUERIA NIZA GUAVIARE	NO	0							NO	SIN_CUENTA_BOLD			SIN_SONOQR_Y_SIN_CUENTA_BOLD
94	94	5UV6CB71KG	Droguería Dizfarma N. DOS	NO	0							NO		SIN_NOMBRE_BANCO	SIN_ID_CUENTA	SIN_SONOQR_Y_SIN_CUENTA_BOLD
95	95	5VHX9ONTCS	Drog Puertas del Sol JD	NO	0							NO	SIN_CUENTA_BOLD			SIN_SONOQR_Y_SIN_CUENTA_BOLD
96	96	5YYB30H3ZE	La Capilla Drogueria	NO	0							NO		SIN_NOMBRE_BANCO	SIN_ID_CUENTA	SIN_SONOQR_Y_SIN_CUENTA_BOLD
97	97	66X883KUVY	Drogas Carlos Holmes	NO	0							NO	SIN_CUENTA_BOLD			SIN_SONOQR_Y_SIN_CUENTA_BOLD
98	98	67K9HVZ2NA	FARMAPRECIOS 3 VILLAPINZON	NO	0							NO	SIN_CUENTA_BOLD			SIN_SONOQR_Y_SIN_CUENTA_BOLD
99	99	6ATTBJKOAA	Drogueria Edison Farma Dos	NO	0							NO	SIN_CUENTA_BOLD			SIN_SONOQR_Y_SIN_CUENTA_BOLD
100	100	6AWOULU6WW	Pharma Salud y Vida Farmacenter	NO	0							NO	SIN_CUENTA_BOLD			SIN_SONOQR_Y_SIN_CUENTA_BOLD
