#	source_row	merchant_id	merchant_name	sales_source	sales_agent_email	merchant_creation_date	onboarding_status	merchant_status	primera_transaction_id	primera_transaccion	terminal_primera_transaccion	tpv_primera_transaccion	estado_para_cambio_canal
1	1	B0CKR5HU8C	DROGUERIAS SANSALUD SAN PEDRO DE URABA	INBOUND		2026-05-23 10:09:23.407768	APPROVED	ENABLED	CPIAEA8GHFY2	2026-09-17 19:28:41.043687	N860WN35065	1000.0000	CANDIDATO_CAMBIO_CANAL_CON_TERMINAL
2	3	ENVQ1TNW9V	Droguería farmahogar central	INBOUND		2026-06-11 12:20:47.961205	APPROVED	ENABLED	CPGJD6A550XB	2026-09-15 14:29:49.373384	N860WN35405	1000.0000	CANDIDATO_CAMBIO_CANAL_CON_TERMINAL
3	4	BGDA1VQOLZ	Droguería Calimío	INBOUND		2026-06-16 16:56:47.054352	APPROVED	ENABLED	T3YYMEXCHQ0	2026-09-18 17:20:11.839466	38260424314280	100.0000	CANDIDATO_CAMBIO_CANAL_CON_TERMINAL
4	5	CINAK5N1MV	DROGUERIA SAN GIL 1	INBOUND		2026-06-26 18:07:45.960525	APPROVED	ENABLED	CPCV0QILUUQG	2026-09-23 12:18:48.752512	N860WN32583	1000.0000	CANDIDATO_CAMBIO_CANAL_CON_TERMINAL
5	6	3ODGLUFW0P	Droguería Andina CE	INBOUND		2026-06-26 11:52:16.064864	APPROVED	ENABLED	CPZX7NCEY4TE	2026-09-17 09:51:08.742105	N860WN35059	2000.0000	CANDIDATO_CAMBIO_CANAL_CON_TERMINAL
6	7	TOGZAEVZ0K	Droguería Clubmed	INBOUND		2026-07-30 11:05:38.392221	APPROVED	ENABLED	CPFW1J6BEUV9	2026-09-01 10:44:05.225191	N860WN34644	1000.0000	CANDIDATO_CAMBIO_CANAL_CON_TERMINAL
7	8	0XV9992C0O	Droguería y Farmacia Central	INBOUND		2026-08-06 09:12:05.587026	APPROVED	ENABLED	CPBZ8YPGKL6J	2026-09-02 08:58:52.044157	N860WN35412	128000.0000	CANDIDATO_CAMBIO_CANAL_CON_TERMINAL
8	9	GHTNMF7727	Drogueria Melcomia 	INBOUND		2026-08-06 17:08:35.384396	APPROVED	ENABLED	CPVA084JKW9T	2026-09-14 13:24:51.765280	N860WN35075	1000.0000	CANDIDATO_CAMBIO_CANAL_CON_TERMINAL
9	10	XMABPI8SDB	Droguería Farmacenter Yinimar	INBOUND		2026-08-14 12:39:03.724387	APPROVED	ENABLED	TRDPFXCUKC2	2026-09-14 16:42:47.649560	N860WN35066	1000.0000	CANDIDATO_CAMBIO_CANAL_CON_TERMINAL
10	12	JXLFJ824NO	Droguerías Expreso	INBOUND		2026-08-14 11:22:26.022991	APPROVED	ENABLED	CPDP0UBB14WV	2026-09-07 17:42:13.865440	N860WN35061	1000.0000	CANDIDATO_CAMBIO_CANAL_CON_TERMINAL
11	13	PL0B5ER5G3	Drogueria  villadela	INBOUND		2026-08-20 09:33:27.598895	APPROVED	ENABLED	CPMGA5DUPUSX	2026-09-15 10:44:18.599590	N860WN35072	1000.0000	CANDIDATO_CAMBIO_CANAL_CON_TERMINAL
12	16	R4FNXSI23Y	DROGARCIA No4	INBOUND		2024-12-04 13:11:16.927311	APPROVED	ENABLED	CP4NA77ECONE	2024-12-04 16:06:59.425960	30200020240708003753	1000.0000	CANDIDATO_CAMBIO_CANAL_CON_TERMINAL
13	20	Z472LRDO4K	DROGUERÍA DIOSALUD RD	HUBS	favio.jara@bold.co	2026-09-19 09:03:50.273626	APPROVED	ENABLED	CPIM5NG4NSX1	2026-09-19 19:24:56.029903	N860WN22168	150900.0000	CANDIDATO_CAMBIO_CANAL_CON_TERMINAL
14	22	9RDRW9GH0A							CP8G03VUBJQ4	2026-09-20 10:25:26.547905	N860WN22295	22300.0000	CANDIDATO_CAMBIO_CANAL_CON_TERMINAL
15	24	Q8BB6LMM80	DROGUERÍA Y PERFUMERÍA SANTANDER	HUBS	dayana.pinzon@bold.co	2026-09-22 17:31:49.476695	APPROVED	ENABLED	T7WDCB2DIOP	2026-09-23 18:20:10.087759	38260803442184	1000.0000	CANDIDATO_CAMBIO_CANAL_CON_TERMINAL
16	32	4I2PD2J2SH	Droguería Xiofarma jd	DISTRIBUTOR		2026-06-19 08:18:02.130511	APPROVED	ENABLED	TMWJNE07FLJ	2026-09-23 20:22:55.761451	38260328408766	1000.0000	CANDIDATO_CAMBIO_CANAL_CON_TERMINAL
17	2	R2BWFBJS7A							TIBZ7R7L26J	2026-09-22 15:33:41.772534	N860WN30642	1000.0000	SIN_MATCH_DIM_CLIENT
18	11	1KQZPLFRVW							CPVT4T66F61V	2026-09-12 10:10:31.573122	N860WN34723	1000.0000	SIN_MATCH_DIM_CLIENT
19	21	97B1X3AQSJ							CP8PDXU3MGUW	2026-09-19 19:24:35.114659	12000101023121207055	133000.0000	SIN_MATCH_DIM_CLIENT
20	23	FK9XQZ1MGR							CPKN0VOCVQLU	2026-09-19 17:16:38.778374	N860WN22245	59600.0000	SIN_MATCH_DIM_CLIENT
21	25	4ET483LBS9							TKG27J78TA9	2026-09-24 16:34:00.366951	38260803442195	1.0000	SIN_MATCH_DIM_CLIENT
22	26	UJ6IC6QYVU							TMHH61OBNOX	2026-09-24 17:47:12.423705	38260803442188	1.0000	SIN_MATCH_DIM_CLIENT
23	27	F4K0HCI3BX							TVCR2TEU9TQ	2026-09-24 17:00:39.292359	38260803442186	1.0000	SIN_MATCH_DIM_CLIENT
24	28	T035E5K6WQ							T64BIQ4MO29	2026-09-24 15:46:24.566937	38260803442183	1.0000	SIN_MATCH_DIM_CLIENT
25	29	D7F22FG5QR							TDHWRS9WONL	2026-09-24 13:20:24.361798	38260803442192	1.0000	SIN_MATCH_DIM_CLIENT
26	30	FUGNVIJWU8							T7ATREII91U	2026-09-24 14:05:35.980724	38260803442197	1.0000	SIN_MATCH_DIM_CLIENT
27	31	AJ5XQ8640E							TPUYKUACMZI	2026-09-24 14:47:09.001674	38260803445877	1.0000	SIN_MATCH_DIM_CLIENT
28	14	L7H1W2PHU6	Negocio de Mónica Yohana	ENTERPRISE		2026-08-19 15:20:59.769359	APPROVED	ENABLED	TBHZ6NG646W	2026-09-15 14:07:51.492080	N860WN35078	22700.0000	YA_ENTERPRISE
29	15	0GRNI5F4QF	Droguería San Antero 	ENTERPRISE	jeyson.salazar@bold.co	2026-09-05 14:48:29.483082	APPROVED	ENABLED	TTSA43CIB26	2026-09-18 15:30:07.687407	N860WN35070	1000.0000	YA_ENTERPRISE
30	17	M28ST7P6ZS	MIL DROGAS DOS	ENTERPRISE	jeyson.salazar@bold.co	2026-09-11 12:07:37.733276	APPROVED	ENABLED	CPE1K6IA6BRL	2026-09-21 14:21:25.890525	N860WN34628	1000.0000	YA_ENTERPRISE
31	18	BW2O3VIGL9	DROGUERIA COLSANAR DEL NORTE	ENTERPRISE	jeyson.salazar@bold.co	2026-09-14 08:48:55.597690	APPROVED	ENABLED	TCVFG2IGT3U	2026-09-23 08:57:00.144610	38260803450245	1000.0000	YA_ENTERPRISE
32	19	0GDIBQPP50	DROGUERÍA LA CUARTA B	ENTERPRISE	jeyson.salazar@bold.co	2026-09-14 12:38:39.903570	APPROVED	ENABLED	TEWFQRW69K7	2026-09-23 11:22:00.003092	N860WN33925	1000.0000	YA_ENTERPRISE
